mutant_type,generation,treatment,replicate,wt_male,mutant_male,wt_fem,mutant_fem
brown,0,NT,1,51,49,51,49
brown,0,NT,2,51,49,51,49
brown,0,NT,3,51,49,51,49
brown,0,NT,4,51,49,51,49
brown,0,UCT,1,51,49,51,49
brown,0,UCT,2,51,49,51,49
brown,0,UCT,3,51,49,51,49
brown,0,SCT,1,51,49,51,49
brown,0,SCT,2,51,49,51,49
brown,0,SCT,3,51,49,51,49
brown,1,NT,1,38,62,37,63
brown,1,NT,2,64,36,58,42
brown,1,NT,3,47,53,47,53
brown,1,NT,4,59,41,61,39
brown,1,UCT,1,50,50,44,56
brown,1,UCT,2,51,49,48,52
brown,1,UCT,3,46,54,55,45
brown,1,SCT,1,44,56,39,61
brown,1,SCT,2,51,49,61,39
brown,1,SCT,3,49,51,45,55
brown,2,NT,1,51,49,42,58
brown,2,NT,2,66,34,68,32
brown,2,NT,3,55,45,62,38
brown,2,NT,4,69,31,74,26
brown,2,UCT,1,56,44,51,49
brown,2,UCT,2,55,45,56,44
brown,2,UCT,3,67,33,69,31
brown,2,SCT,1,42,58,54,46
brown,2,SCT,2,48,52,46,54
brown,2,SCT,3,52,48,50,50
brown,3,NT,1,43,57,49,51
brown,3,NT,2,66,34,75,25
brown,3,NT,3,59,41,56,44
brown,3,NT,4,70,30,69,31
brown,3,UCT,1,56,44,56,44
brown,3,UCT,2,61,39,51,49
brown,3,UCT,3,59,41,62,38
brown,3,SCT,1,43,57,47,53
brown,3,SCT,2,51,49,51,49
brown,3,SCT,3,54,46,60,40
brown,4,NT,1,62,38,48,52
brown,4,NT,2,,,,
brown,4,NT,3,66,34,62,38
brown,4,NT,4,72,28,79,21
brown,4,UCT,1,69,31,60,40
brown,4,UCT,2,66,34,58,42
brown,4,UCT,3,69,31,74,26
brown,4,SCT,1,59,41,56,44
brown,4,SCT,2,54,46,55,45
brown,4,SCT,3,67,33,65,35
brown,5,NT,1,57,43,54,46
brown,5,NT,2,,,,
brown,5,NT,3,69,31,69,31
brown,5,NT,4,75,25,76,24
brown,5,UCT,1,75,25,74,26
brown,5,UCT,2,77,23,64,36
brown,5,UCT,3,81,19,70,30
brown,5,SCT,1,59,41,65,35
brown,5,SCT,2,81,19,81,19
brown,5,SCT,3,74,26,74,26
brown,6,NT,1,46,54,43,57
brown,6,NT,2,,,,
brown,6,NT,3,67,33,71,29
brown,6,NT,4,83,17,75,25
brown,6,UCT,1,76,24,76,24
brown,6,UCT,2,72,28,63,37
brown,6,UCT,3,79,21,75,25
brown,6,SCT,1,68,32,57,43
brown,6,SCT,2,77,23,82,18
brown,6,SCT,3,73,27,70,30
brown,7,NT,1,49,51,52,48
brown,7,NT,2,,,,
brown,7,NT,3,71,29,71,29
brown,7,NT,4,79,21,83,17
brown,7,UCT,1,79,21,79,21
brown,7,UCT,2,84,16,69,31
brown,7,UCT,3,74,26,75,25
brown,7,SCT,1,71,29,86,14
brown,7,SCT,2,79,21,90,10
brown,7,SCT,3,76,24,82,18
brown,8,NT,1,58,42,50,50
brown,8,NT,2,,,,
brown,8,NT,3,87,13,77,23
brown,8,NT,4,64,36,69,31
brown,8,UCT,1,75,25,87,13
brown,8,UCT,2,67,33,74,26
brown,8,UCT,3,81,19,82,18
brown,8,SCT,1,73,27,74,26
brown,8,SCT,2,86,14,84,16
brown,8,SCT,3,86,14,83,17
brown,9,NT,1,59,41,57,43
brown,9,NT,2,,,,
brown,9,NT,3,93,7,83,17
brown,9,NT,4,73,27,70,30
brown,9,UCT,1,85,15,84,16
brown,9,UCT,2,73,27,66,34
brown,9,UCT,3,82,18,81,19
brown,9,SCT,1,81,19,79,21
brown,9,SCT,2,91,9,89,11
brown,9,SCT,3,86,14,87,13
brown,10,NT,1,64,36,61,39
brown,10,NT,2,,,,
brown,10,NT,3,84,16,85,15
brown,10,NT,4,69,31,66,34
brown,10,UCT,1,84,16,91,9
brown,10,UCT,2,68,32,79,21
brown,10,UCT,3,84,16,84,16
brown,10,SCT,1,77,23,73,27
brown,10,SCT,2,92,8,91,9
brown,10,SCT,3,80,20,85,15
forked,0,NT,1,30,70,51,49
forked,0,NT,2,30,70,51,49
forked,0,NT,3,30,70,51,49
forked,0,UCT,1,30,70,51,49
forked,0,UCT,2,30,70,51,49
forked,0,UCT,3,30,70,51,49
forked,0,SCT,1,30,70,51,49
forked,0,SCT,2,30,70,51,49
forked,0,SCT,3,30,70,51,49
forked,1,NT,1,37,63,55,45
forked,1,NT,2,45,55,49,51
forked,1,NT,3,51,49,66,34
forked,1,UCT,1,28,72,37,63
forked,1,UCT,2,39,61,66,34
forked,1,UCT,3,62,38,76,24
forked,1,SCT,1,44,56,45,55
forked,1,SCT,2,39,61,50,50
forked,1,SCT,3,7,93,14,86
forked,2,NT,1,41,59,57,43
forked,2,NT,2,32,68,69,31
forked,2,NT,3,51,49,84,16
forked,2,UCT,1,45,55,77,23
forked,2,UCT,2,29,71,50,50
forked,2,UCT,3,50,50,83,17
forked,2,SCT,1,40,60,68,32
forked,2,SCT,2,37,63,72,28
forked,2,SCT,3,4,96,13,87
forked,3,NT,1,33,67,57,43
forked,3,NT,2,44,56,73,27
forked,3,NT,3,52,48,87,13
forked,3,UCT,1,36,64,46,54
forked,3,UCT,2,56,44,78,22
forked,3,UCT,3,65,35,84,16
forked,3,SCT,1,55,45,70,30
forked,3,SCT,2,40,60,57,43
forked,3,SCT,3,4,96,12,88
forked,4,NT,1,44,56,65,35
forked,4,NT,2,61,39,81,19
forked,4,NT,3,58,42,85,15
forked,4,UCT,1,31,69,56,44
forked,4,UCT,2,66,34,82,18
forked,4,UCT,3,72,28,90,10
forked,4,SCT,1,38,62,71,29
forked,4,SCT,2,39,61,63,37
forked,4,SCT,3,6,94,86,14
forked,5,NT,1,53,47,86,14
forked,5,NT,2,77,23,88,12
forked,5,NT,3,71,29,90,10
forked,5,UCT,1,36,64,57,43
forked,5,UCT,2,65,35,90,10
forked,5,UCT,3,81,19,94,6
forked,5,SCT,1,55,45,72,28
forked,5,SCT,2,59,41,69,31
forked,5,SCT,3,3,97,11,89
forked,6,NT,1,58,42,84,16
forked,6,NT,2,76,24,93,7
forked,6,NT,3,69,31,86,14
forked,6,UCT,1,42,58,68,32
forked,6,UCT,2,70,30,91,9
forked,6,UCT,3,80,20,95,5
forked,6,SCT,1,55,45,90,10
forked,6,SCT,2,63,37,88,12
forked,6,SCT,3,10,90,7,93
forked,7,NT,1,66,34,91,9
forked,7,NT,2,80,20,94,6
forked,7,NT,3,58,42,94,6
forked,7,UCT,1,43,57,74,26
forked,7,UCT,2,68,32,94,6
forked,7,UCT,3,76,24,99,1
forked,7,SCT,1,70,30,87,13
forked,7,SCT,2,66,34,80,20
forked,7,SCT,3,4,96,13,87
forked,8,NT,1,68,32,88,12
forked,8,NT,2,76,24,95,5
forked,8,NT,3,61,39,94,6
forked,8,UCT,1,60,40,82,18
forked,8,UCT,2,79,21,95,5
forked,8,UCT,3,88,12,98,2
forked,8,SCT,1,75,25,95,5
forked,8,SCT,2,62,38,79,21
forked,8,SCT,3,8,92,15,85
forked,9,NT,1,67,33,97,3
forked,9,NT,2,87,13,99,1
forked,9,NT,3,68,32,87,13
forked,9,UCT,1,59,41,79,21
forked,9,UCT,2,67,33,97,3
forked,9,UCT,3,93,7,98,2
forked,9,SCT,1,74,26,93,7
forked,9,SCT,2,62,38,88,12
forked,9,SCT,3,7,93,15,85
forked,10,NT,1,84,16,93,7
forked,10,NT,2,89,11,100,0
forked,10,NT,3,66,35,93,7
forked,10,UCT,1,68,32,86,14
forked,10,UCT,2,72,28,99,1
forked,10,UCT,3,94,6,100,0
forked,10,SCT,1,85,15,98,2
forked,10,SCT,2,70,30,88,12
forked,10,SCT,3,7,93,12,88
plexus,0,NT,1,51,49,51,49
plexus,0,NT,2,51,49,51,49
plexus,0,NT,3,51,49,51,49
plexus,0,UCT,1,51,49,51,49
plexus,0,UCT,2,51,49,51,49
plexus,0,UCT,3,51,49,51,49
plexus,0,SCT,1,51,49,51,49
plexus,0,SCT,2,51,49,51,49
plexus,0,SCT,3,51,49,51,49
plexus,1,NT,1,42,58,56,44
plexus,1,NT,2,48,52,49,51
plexus,1,NT,3,55,45,60,40
plexus,1,UCT,1,52,48,44,56
plexus,1,UCT,2,55,45,46,54
plexus,1,UCT,3,42,58,53,47
plexus,1,SCT,1,45,55,48,52
plexus,1,SCT,2,59,41,46,54
plexus,1,SCT,3,56,44,49,51
plexus,2,NT,1,64,36,64,36
plexus,2,NT,2,63,37,54,46
plexus,2,NT,3,72,28,66,34
plexus,2,UCT,1,58,42,48,52
plexus,2,UCT,2,61,39,61,39
plexus,2,UCT,3,55,45,53,47
plexus,2,SCT,1,59,41,51,49
plexus,2,SCT,2,60,40,62,38
plexus,2,SCT,3,73,27,66,34
plexus,3,NT,1,68,32,67,33
plexus,3,NT,2,80,20,74,26
plexus,3,NT,3,60,40,59,41
plexus,3,UCT,1,77,23,70,30
plexus,3,UCT,2,47,53,55,45
plexus,3,UCT,3,76,24,74,26
plexus,3,SCT,1,73,27,78,22
plexus,3,SCT,2,72,28,75,25
plexus,3,SCT,3,66,34,75,25
plexus,4,NT,1,80,20,87,13
plexus,4,NT,2,71,29,68,32
plexus,4,NT,3,76,24,75,25
plexus,4,UCT,1,67,33,64,36
plexus,4,UCT,2,71,29,81,19
plexus,4,UCT,3,61,39,49,51
plexus,4,SCT,1,89,11,82,18
plexus,4,SCT,2,84,16,85,15
plexus,4,SCT,3,76,24,76,24
plexus,5,NT,1,85,15,86,14
plexus,5,NT,2,85,15,86,14
plexus,5,NT,3,72,28,81,19
plexus,5,UCT,1,82,18,77,23
plexus,5,UCT,2,82,18,86,14
plexus,5,UCT,3,64,36,63,37
plexus,5,SCT,1,92,8,87,13
plexus,5,SCT,2,92,8,86,14
plexus,5,SCT,3,83,17,88,12
plexus,6,NT,1,91,9,92,8
plexus,6,NT,2,85,15,84,16
plexus,6,NT,3,78,22,86,14
plexus,6,UCT,1,78,22,89,11
plexus,6,UCT,2,87,13,83,17
plexus,6,UCT,3,71,29,69,31
plexus,6,SCT,1,87,13,86,14
plexus,6,SCT,2,94,6,95,5
plexus,6,SCT,3,80,20,88,12
plexus,7,NT,1,92,8,96,4
plexus,7,NT,2,90,10,87,13
plexus,7,NT,3,89,11,91,9
plexus,7,UCT,1,88,12,92,8
plexus,7,UCT,2,84,16,85,15
plexus,7,UCT,3,71,29,72,28
plexus,7,SCT,1,92,8,93,7
plexus,7,SCT,2,94,6,95,5
plexus,7,SCT,3,90,10,89,11
plexus,8,NT,1,95,5,90,10
plexus,8,NT,2,90,10,92,8
plexus,8,NT,3,94,6,92,8
plexus,8,UCT,1,96,4,92,8
plexus,8,UCT,2,94,6,98,2
plexus,8,UCT,3,82,18,75,25
plexus,8,SCT,1,89,11,91,9
plexus,8,SCT,2,91,9,92,8
plexus,8,SCT,3,95,5,95,5
plexus,9,NT,1,92,8,86,14
plexus,9,NT,2,96,4,90,10
plexus,9,NT,3,94,6,85,15
plexus,9,UCT,1,94,6,94,6
plexus,9,UCT,2,95,5,92,8
plexus,9,UCT,3,84,16,85,15
plexus,9,SCT,1,94,6,90,10
plexus,9,SCT,2,94,6,98,2
plexus,9,SCT,3,98,2,98,2
plexus,10,NT,1,93,7,92,8
plexus,10,NT,2,93,7,88,12
plexus,10,NT,3,93,7,94,6
plexus,10,UCT,1,97,3,94,6
plexus,10,UCT,2,93,7,96,4
plexus,10,UCT,3,87,13,80,20
plexus,10,SCT,1,91,9,94,6
plexus,10,SCT,2,93,7,98,2
plexus,10,SCT,3,96,4,95,5
vestigial,0,NT,1,51,49,51,49
vestigial,0,NT,2,51,49,51,49
vestigial,0,NT,3,51,49,51,49
vestigial,0,UCT,1,51,49,51,49
vestigial,0,UCT,2,51,49,51,49
vestigial,0,UCT,3,51,49,51,49
vestigial,0,SCT,1,51,49,51,49
vestigial,0,SCT,2,51,49,51,49
vestigial,0,SCT,3,51,49,51,49
vestigial,1,NT,1,48,52,44,56
vestigial,1,NT,2,35,65,44,56
vestigial,1,NT,3,48,52,54,46
vestigial,1,UCT,1,69,31,68,32
vestigial,1,UCT,2,73,27,59,41
vestigial,1,UCT,3,66,33,62,38
vestigial,1,SCT,1,83,17,71,29
vestigial,1,SCT,2,80,20,62,38
vestigial,1,SCT,3,72,28,64,36
vestigial,2,NT,1,84,16,83,17
vestigial,2,NT,2,87,13,84,16
vestigial,2,NT,3,90,10,86,14
vestigial,2,UCT,1,95,5,91,9
vestigial,2,UCT,2,86,14,89,11
vestigial,2,UCT,3,92,8,86,14
vestigial,2,SCT,1,90,10,92,8
vestigial,2,SCT,2,89,11,89,11
vestigial,2,SCT,3,92,8,92,8
vestigial,3,NT,1,93,7,86,14
vestigial,3,NT,2,94,6,94,6
vestigial,3,NT,3,92,8,92,8
vestigial,3,UCT,1,99,1,93,7
vestigial,3,UCT,2,89,11,90,10
vestigial,3,UCT,3,97,3,91,9
vestigial,3,SCT,1,96,4,97,3
vestigial,3,SCT,2,90,10,91,9
vestigial,3,SCT,3,92,8,83,17
vestigial,4,NT,1,98,2,93,7
vestigial,4,NT,2,98,2,98,2
vestigial,4,NT,3,97,3,95,5
vestigial,4,UCT,1,97,3,97,3
vestigial,4,UCT,2,98,2,98,2
vestigial,4,UCT,3,98,2,99,1
vestigial,4,SCT,1,98,2,97,3
vestigial,4,SCT,2,98,2,95,5
vestigial,4,SCT,3,96,4,95,5
vestigial,5,NT,1,100,0,98,2
vestigial,5,NT,2,96,4,97,3
vestigial,5,NT,3,97,3,97,3
vestigial,5,UCT,1,97,3,99,1
vestigial,5,UCT,2,99,1,99,1
vestigial,5,UCT,3,94,6,97,3
vestigial,5,SCT,1,97,3,97,3
vestigial,5,SCT,2,97,3,99,1
vestigial,5,SCT,3,98,2,99,1
vestigial,6,NT,1,99,1,98,2
vestigial,6,NT,2,98,2,100,0
vestigial,6,NT,3,98,2,99,1
vestigial,6,UCT,1,99,1,99,1
vestigial,6,UCT,2,100,0,98,2
vestigial,6,UCT,3,94,6,99,1
vestigial,6,SCT,1,97,3,96,4
vestigial,6,SCT,2,100,0,98,2
vestigial,6,SCT,3,96,4,100,0
vestigial,7,NT,1,97,3,94,6
vestigial,7,NT,2,99,1,100,0
vestigial,7,NT,3,100,0,98,2
vestigial,7,UCT,1,99,1,99,1
vestigial,7,UCT,2,97,3,98,2
vestigial,7,UCT,3,100,0,98,2
vestigial,7,SCT,1,98,2,100,0
vestigial,7,SCT,2,99,1,99,1
vestigial,7,SCT,3,97,3,95,5
vestigial,8,NT,1,99,1,98,2
vestigial,8,NT,2,100,0,99,1
vestigial,8,NT,3,100,0,100,0
vestigial,8,UCT,1,100,0,99,1
vestigial,8,UCT,2,96,4,99,1
vestigial,8,UCT,3,100,0,97,3
vestigial,8,SCT,1,99,1,100,0
vestigial,8,SCT,2,100,0,99,1
vestigial,8,SCT,3,97,3,95,5
vestigial,9,NT,1,95,5,99,1
vestigial,9,NT,2,100,0,100,0
vestigial,9,NT,3,98,2,99,1
vestigial,9,UCT,1,100,0,100,0
vestigial,9,UCT,2,99,1,95,5
vestigial,9,UCT,3,100,0,100,0
vestigial,9,SCT,1,100,0,100,0
vestigial,9,SCT,2,97,3,99,1
vestigial,9,SCT,3,97,3,99,1
vestigial,10,NT,1,97,3,100,0
vestigial,10,NT,2,100,0,100,0
vestigial,10,NT,3,100,0,100,0
vestigial,10,UCT,1,99,1,100,0
vestigial,10,UCT,2,99,1,98,2
vestigial,10,UCT,3,99,1,100,0
vestigial,10,SCT,1,99,1,98,2
vestigial,10,SCT,2,100,0,99,1
vestigial,10,SCT,3,100,0,100,0
white,0,NT,1,30,70,51,49
white,0,NT,2,30,70,51,49
white,0,NT,3,30,70,51,49
white,0,UCT,1,30,70,51,49
white,0,UCT,2,30,70,51,49
white,0,UCT,3,30,70,51,49
white,0,SCT,1,30,70,51,49
white,0,SCT,2,30,70,51,49
white,0,SCT,3,30,70,51,49
white,1,NT,1,20,80,41,59
white,1,NT,2,30,70,44,56
white,1,NT,3,37,63,50,50
white,1,UCT,1,30,70,53,47
white,1,UCT,2,20,80,42,58
white,1,UCT,3,30,70,57,43
white,1,SCT,1,34,66,54,46
white,1,SCT,2,38,62,70,30
white,1,SCT,3,48,52,65,35
white,2,NT,1,22,78,43,57
white,2,NT,2,32,68,57,43
white,2,NT,3,44,56,74,26
white,2,UCT,1,35,65,63,37
white,2,UCT,2,26,74,42,58
white,2,UCT,3,38,62,56,44
white,2,SCT,1,46,54,75,25
white,2,SCT,2,48,52,85,15
white,2,SCT,3,62,38,80,20
white,3,NT,1,18,82,42,58
white,3,NT,2,26,74,62,38
white,3,NT,3,60,40,88,12
white,3,UCT,1,38,62,68,32
white,3,UCT,2,40,60,47,53
white,3,UCT,3,36,64,80,20
white,3,SCT,1,47,53,82,18
white,3,SCT,2,65,35,86,14
white,3,SCT,3,54,46,93,7
white,4,NT,1,35,65,71,29
white,4,NT,2,44,56,78,22
white,4,NT,3,70,30,96,4
white,4,UCT,1,46,54,71,29
white,4,UCT,2,39,61,73,27
white,4,UCT,3,59,41,58,42
white,4,SCT,1,59,41,88,12
white,4,SCT,2,68,32,95,5
white,4,SCT,3,72,28,88,12
white,5,NT,1,45,55,76,24
white,5,NT,2,57,43,82,18
white,5,NT,3,83,17,97,3
white,5,NT,1,57,43,80,20
white,5,UCT,2,62,38,81,19
white,5,UCT,3,40,60,87,13
white,5,SCT,1,56,44,91,9
white,5,SCT,2,77,23,90,10
white,5,SCT,3,74,26,96,4
white,6,NT,1,35,65,75,25
white,6,NT,2,53,47,87,13
white,6,NT,3,80,20,96,4
white,6,NT,1,58,42,84,16
white,6,UCT,2,52,48,90,10
white,6,UCT,3,74,26,89,11
white,6,SCT,1,80,20,91,9
white,6,SCT,2,77,23,94,6
white,6,SCT,3,75,25,97,3
white,7,NT,1,55,45,86,14
white,7,NT,2,58,42,93,7
white,7,NT,3,79,21,100,0
white,7,NT,1,69,31,95,5
white,7,UCT,2,60,40,86,14
white,7,UCT,3,58,42,90,10
white,7,SCT,1,77,23,96,4
white,7,SCT,2,85,15,89,11
white,7,SCT,3,82,18,95,5
white,8,NT,1,57,43,84,16
white,8,NT,2,82,18,94,6
white,8,NT,3,87,13,99,1
white,8,NT,1,64,36,95,5
white,8,UCT,2,73,27,84,16
white,8,UCT,3,75,25,87,13
white,8,SCT,1,90,10,100,0
white,8,SCT,2,81,19,97,3
white,8,SCT,3,87,13,99,1
white,9,NT,1,63,37,91,9
white,9,NT,2,79,21,100,0
white,9,NT,3,90,10,100,0
white,9,NT,1,81,19,92,8
white,9,UCT,2,72,28,97,3
white,9,UCT,3,71,29,99,1
white,9,SCT,1,90,10,100,0
white,9,SCT,2,87,13,98,2
white,9,SCT,3,86,14,100,0
white,10,NT,1,76,24,93,7
white,10,NT,2,85,15,100,0
white,10,NT,3,97,3,100,0
white,10,NT,1,72,28,98,2
white,10,UCT,2,77,23,94,6
white,10,UCT,3,82,18,96,4
white,10,SCT,1,91,9,99,1
white,10,SCT,2,83,17,99,1
white,10,SCT,3,94,6,99,1
yellow,0,NT,1,30,70,51,49
yellow,0,NT,2,30,70,51,49
yellow,0,NT,3,30,70,51,49
yellow,0,UCT,1,30,70,51,49
yellow,0,UCT,2,30,70,51,49
yellow,0,UCT,3,30,70,51,49
yellow,0,SCT,1,30,70,51,49
yellow,0,SCT,2,30,70,51,49
yellow,0,SCT,3,30,70,51,49
yellow,1,NT,1,21,79,47,53
yellow,1,NT,2,23,77,57,43
yellow,1,NT,3,18,82,58,42
yellow,1,UCT,1,19,81,37,63
yellow,1,UCT,2,23,77,43,57
yellow,1,UCT,3,31,69,57,43
yellow,1,SCT,1,28,72,31,69
yellow,1,SCT,2,31,69,61,39
yellow,1,SCT,3,19,81,42,58
yellow,2,NT,1,78,22,63,37
yellow,2,NT,2,45,55,64,36
yellow,2,NT,3,38,62,52,48
yellow,2,UCT,1,25,75,56,44
yellow,2,UCT,2,38,62,60,40
yellow,2,UCT,3,36,64,70,30
yellow,2,SCT,1,23,77,57,43
yellow,2,SCT,2,46,54,58,42
yellow,2,SCT,3,39,61,60,40
yellow,3,NT,1,40,60,66,34
yellow,3,NT,2,45,55,87,13
yellow,3,NT,3,38,62,66,34
yellow,3,UCT,1,28,72,49,51
yellow,3,UCT,2,45,55,68,32
yellow,3,UCT,3,51,49,80,20
yellow,3,SCT,1,45,55,53,47
yellow,3,SCT,2,49,51,66,34
yellow,3,SCT,3,48,52,67,33
yellow,4,NT,1,42,58,84,16
yellow,4,NT,2,69,31,90,10
yellow,4,NT,3,41,59,79,21
yellow,4,UCT,1,44,56,58,42
yellow,4,UCT,2,39,61,80,20
yellow,4,UCT,3,54,56,60,40
yellow,4,SCT,1,43,57,64,36
yellow,4,SCT,2,44,56,74,26
yellow,4,SCT,3,59,41,72,28
yellow,5,NT,1,66,34,93,7
yellow,5,NT,2,66,34,98,2
yellow,5,NT,3,52,48,81,19
yellow,5,UCT,1,33,67,63,37
yellow,5,UCT,2,57,43,73,27
yellow,5,UCT,3,23,77,68,32
yellow,5,SCT,1,52,48,72,28
yellow,5,SCT,2,52,48,67,33
yellow,5,SCT,3,50,50,85,15
yellow,6,NT,1,91,9,95,5
yellow,6,NT,2,83,17,98,2
yellow,6,NT,3,57,43,87,13
yellow,6,UCT,1,46,54,81,19
yellow,6,UCT,2,68,32,93,7
yellow,6,UCT,3,48,52,67,33
yellow,6,SCT,1,46,54,79,21
yellow,6,SCT,2,51,49,87,13
yellow,6,SCT,3,70,30,92,8
yellow,7,NT,1,91,9,98,2
yellow,7,NT,2,93,7,100,0
yellow,7,NT,3,70,30,97,3
yellow,7,UCT,1,57,43,87,13
yellow,7,UCT,2,80,20,98,2
yellow,7,UCT,3,53,47,88,12
yellow,7,SCT,1,62,38,97,3
yellow,7,SCT,2,74,26,90,10
yellow,7,SCT,3,75,25,97,3
yellow,8,NT,1,93,7,100,0
yellow,8,NT,2,95,5,100,0
yellow,8,NT,3,88,12,98,2
yellow,8,UCT,1,60,40,86,14
yellow,8,UCT,2,83,17,100,0
yellow,8,UCT,3,64,36,96,4
yellow,8,SCT,1,69,31,99,1
yellow,8,SCT,2,80,20,98,2
yellow,8,SCT,3,80,20,94,6
yellow,9,NT,1,97,3,100,0
yellow,9,NT,2,96,4,100,0
yellow,9,NT,3,86,14,100,0
yellow,9,UCT,1,66,34,89,11
yellow,9,UCT,2,95,5,100,0
yellow,9,UCT,3,80,20,93,7
yellow,9,SCT,1,89,11,98,2
yellow,9,SCT,2,87,13,98,2
yellow,9,SCT,3,90,10,95,5
yellow,10,NT,1,97,3,100,0
yellow,10,NT,2,94,6,100,0
yellow,10,NT,3,89,11,100,0
yellow,10,UCT,1,77,23,94,6
yellow,10,UCT,2,87,13,100,0
yellow,10,UCT,3,72,28,98,2
yellow,10,SCT,1,85,15,98,2
yellow,10,SCT,2,96,4,98,2
yellow,10,SCT,3,86,14,100,0
